username,anomaly_count
DTAA/ABS0726,29
DTAA/AFF0760,6
DTAA/AFO0022,21
DTAA/AGW0182,16
DTAA/AIB0797,35
DTAA/AJA0220,44
DTAA/AJC0399,5
DTAA/AJP0553,26
DTAA/AKS0283,24
DTAA/AKW0582,25
DTAA/AMA0191,21
DTAA/ARC0677,92
DTAA/ARS0993,649
DTAA/ASO0023,31
DTAA/BAF0379,29
DTAA/BFO0974,12
DTAA/BIR0534,37
DTAA/BJM0992,695
DTAA/BTW0973,39
DTAA/CDZ0056,51
DTAA/CGM0994,650
DTAA/CHA0174,32
DTAA/CHS0324,32
DTAA/CLB0995,643
DTAA/CLK0383,30
DTAA/CLN0999,579
DTAA/CMF0339,33
DTAA/COS0121,45
DTAA/CRC0996,627
DTAA/CSC0297,16
DTAA/CSR0189,26
DTAA/CTF0687,21
DTAA/CTH0082,24
DTAA/CTH0856,37
DTAA/CTR0537,2
DTAA/CWG0305,40
DTAA/DAW0221,5
DTAA/DDK0417,29
DTAA/DFZ0063,33
DTAA/DIS0382,58
DTAA/DJW0368,31
DTAA/DSH0627,13
DTAA/DSM0990,629
DTAA/ELD1000,706
DTAA/EMR0242,36
DTAA/EOS0972,38
DTAA/FKR0550,44
DTAA/GKC0919,17
DTAA/GML0105,8
DTAA/GRG0693,19
DTAA/GRS0372,7
DTAA/GYT0279,15
DTAA/HAG0649,5
DTAA/HCG0731,47
DTAA/HCJ0171,8
DTAA/HNS0858,38
DTAA/HTC0607,17
DTAA/HTS0265,39
DTAA/IAG0152,16
DTAA/IKH0904,38
DTAA/IMB0473,11
DTAA/IRC0991,582
DTAA/JAH0544,31
DTAA/JBL0450,17
DTAA/JCC0998,687
DTAA/JCS0873,31
DTAA/JGC0775,37
DTAA/JHD0512,17
DTAA/JLL0301,16
DTAA/JLM0053,6
DTAA/JMM0759,36
DTAA/JSE0020,4
DTAA/JTT0989,563
DTAA/KAD0059,43
DTAA/KEE0997,676
DTAA/KGS0398,6
DTAA/KSP0927,6
DTAA/LJR0772,34
DTAA/LKY0181,3
DTAA/MCF0427,17
DTAA/MCH0530,14
DTAA/MEV0886,5
DTAA/MIC0914,18
DTAA/MJM0228,5
DTAA/MQL0135,17
DTAA/MSV0506,44
DTAA/MVW0630,34
DTAA/NAT0252,108
DTAA/NDM0893,14
DTAA/NDS0490,179
DTAA/NHH0566,30
DTAA/NHL0253,15
DTAA/NHL0521,6
DTAA/ODW0839,93
DTAA/OYR0801,35
DTAA/PCM0846,35
DTAA/PJL0320,47
DTAA/PKM0092,8
DTAA/PMB0702,15
DTAA/PUH0847,41
DTAA/RAC0282,5
DTAA/RAH0968,24
DTAA/RBC0583,8
DTAA/RBC0879,32
DTAA/RBY0065,19
DTAA/RLC0442,31
DTAA/RQH0770,10
DTAA/SAH0192,27
DTAA/SAP0304,24
DTAA/SDC0032,39
DTAA/SEF0446,3
DTAA/SHR0025,30
DTAA/SJH0588,33
DTAA/SKL0881,143
DTAA/SRN0275,29
DTAA/STF0145,24
DTAA/TJP0714,3
DTAA/TKH0211,36
DTAA/TPC0102,16
DTAA/VAH0262,143
DTAA/VNM0127,21
DTAA/WCN0570,10
DTAA/WOT0549,24
DTAA/WTA0867,21
DTAA/XCB0445,10
DTAA/XIN0791,10
DTAA/ZAB0889,32
admin,1
alice,2
